id,label
charles-betito-filho-K_xO-Exo-p4-unsplash,0
charlotte-harrison-RcDJZCVRrQ4-unsplash,0
jackfruit-f1bbe7a0f7ac4f2ab0bee3cc62a9e03a,0
jaikishan-patel-p1rLXdPQMas-unsplash,0
manoj-ap-NDTQQfqzYfU-unsplash,0
vinod-kumar-GO49uWrfkpA-unsplash,0
rakeem-burrell-zEI8yxd_ktY-unsplash,0
pedro-netto-EgrTVN4Kzac-unsplash,0
photo,0
download,0
gettyimages-688080507-612x612,0
gettyimages-463424187-612x612,0
gettyimages-157433031-612x612,0
gettyimages-645037524-612x612,0
gettyimages-492773043-612x612,0
gettyimages-1147271234-612x612,0
gettyimages-908802102-612x612,0
gettyimages-1085313162-612x612,0
gettyimages-910963360-612x612,0
gettyimages-1270123262-612x612,0
alexander-schimmeck-vTXtQ8ZBzvY-unsplash,1
ali-zolghadr-gTOU5eJDuxc-unsplash,1
ardi-evans-5zQE3sBrfLE-unsplash,1
becky-mattson-7iLlgS5o09c-unsplash,1
brigitte-tohm-J91jD9u6Nk4-unsplash,1
charles-deluvio-f2rIcE7HvoY-unsplash,1
fedor-BRiT_s3tN6Y-unsplash,1
gettyimages-120175613-612x612,1
gettyimages-166188451-612x612,1
gettyimages-168278200-612x612,1
gettyimages-691119487-612x612,1
gettyimages-1162661505-612x612,1
hotchicksing-Dyc95dKuGp4-unsplash,1
jacqueline-brandwayn-McxsrN3WW48-unsplash,1
mitchell-luo-OfLc6ozzXnI-unsplash,1
priyanka-damwani-nkEbuT39MhA-unsplash,1
snejina-nikolova-EhmGWuszL8o-unsplash,1
srinivas-sudagani-a0O0RzSI6IE-unsplash,1
suraj-r-PnixkxODdYM-unsplash,1
triplemdesignz-jiaruS1hf6Q-unsplash,1